URL,Last crawled
https://myshirtsdope.com/product/6588631482432,1969-12-31
https://myshirtsdope.com/product/6588633022528,1969-12-31
https://myshirtsdope.com/product/6588633350208,1969-12-31
https://myshirtsdope.com/product/6588633743424,1969-12-31
https://myshirtsdope.com/product/6588634300480,1969-12-31
https://myshirtsdope.com/product/6588635021376,1969-12-31
https://myshirtsdope.com/product/6588635152448,1969-12-31
https://myshirtsdope.com/product/6588636266560,1969-12-31
https://myshirtsdope.com/product/6588636364864,1969-12-31
https://myshirtsdope.com/product/6588636397632,1969-12-31
https://myshirtsdope.com/product/6588636561472,1969-12-31
https://myshirtsdope.com/product/6588636692544,1969-12-31
https://myshirtsdope.com/product/6588637773888,1969-12-31
https://myshirtsdope.com/product/6588639248448,1969-12-31
https://myshirtsdope.com/product/6588640100416,1969-12-31
https://myshirtsdope.com/product/6588640198720,1969-12-31
https://myshirtsdope.com/product/6588655108160,1969-12-31
https://myshirtsdope.com/product/6588656484416,1969-12-31
https://myshirtsdope.com/product/6588656615488,1969-12-31
https://myshirtsdope.com/product/6588746891328,1969-12-31
https://myshirtsdope.com/product/6588748038208,1969-12-31
https://myshirtsdope.com/product/6588748103744,1969-12-31
https://myshirtsdope.com/product/6588848373824,1969-12-31
https://myshirtsdope.com/product/6588851290176,1969-12-31
https://myshirtsdope.com/product/6588851486784,1969-12-31
https://myshirtsdope.com/product/6588851716160,1969-12-31
https://myshirtsdope.com/product/6588852076608,1969-12-31
https://myshirtsdope.com/product/6588857090112,1969-12-31
https://myshirtsdope.com/product/6588948676672,1969-12-31
https://myshirtsdope.com/product/6588949758016,1969-12-31
https://myshirtsdope.com/product/6589089841216,1969-12-31
https://myshirtsdope.com/product/6589091119168,1969-12-31
https://myshirtsdope.com/product/6589094035520,1969-12-31
https://myshirtsdope.com/product/6589094723648,1969-12-31
https://myshirtsdope.com/product/6589112451136,1969-12-31
https://myshirtsdope.com/product/6589112614976,1969-12-31
https://myshirtsdope.com/product/6589113401408,1969-12-31
https://myshirtsdope.com/product/6589113499712,1969-12-31
https://myshirtsdope.com/product/6589144432704,1969-12-31
https://myshirtsdope.com/product/6589183557696,1969-12-31
https://myshirtsdope.com/product/6589184475200,1969-12-31
https://myshirtsdope.com/product/6589184966720,1969-12-31
https://myshirtsdope.com/product/6589189095488,1969-12-31
https://myshirtsdope.com/product/6589232316480,1969-12-31
https://myshirtsdope.com/product/6589232447552,1969-12-31
https://myshirtsdope.com/product/6589232513088,1969-12-31
https://myshirtsdope.com/product/6589297655872,1969-12-31
https://myshirtsdope.com/product/6589299753024,1969-12-31
https://myshirtsdope.com/product/6589466411072,1969-12-31
https://myshirtsdope.com/product/6589466673216,1969-12-31
https://myshirtsdope.com/product/6589468115008,1969-12-31
https://myshirtsdope.com/product/6589468377152,1969-12-31
https://myshirtsdope.com/product/6589960290368,1969-12-31
https://myshirtsdope.com/product/6589963403328,1969-12-31
https://myshirtsdope.com/product/6589966221376,1969-12-31
https://myshirtsdope.com/product/6590290788416,1969-12-31
https://myshirtsdope.com/product/6590290985024,1969-12-31
https://myshirtsdope.com/product/6590291345472,1969-12-31
https://myshirtsdope.com/product/6590291673152,1969-12-31
https://myshirtsdope.com/product/6590291804224,1969-12-31
https://myshirtsdope.com/product/6590291902528,1969-12-31
https://myshirtsdope.com/product/6590291935296,1969-12-31
https://myshirtsdope.com/product/6590292230208,1969-12-31
https://myshirtsdope.com/product/6590320410688,1969-12-31
https://myshirtsdope.com/product/6590321295424,1969-12-31
https://myshirtsdope.com/product/6590322212928,1969-12-31
https://myshirtsdope.com/product/6590322671680,1969-12-31
https://myshirtsdope.com/product/6590374412352,1969-12-31
https://myshirtsdope.com/product/6590374477888,1969-12-31
https://myshirtsdope.com/product/6590374543424,1969-12-31
https://myshirtsdope.com/product/6590404132928,1969-12-31
https://myshirtsdope.com/product/6590405247040,1969-12-31
https://myshirtsdope.com/product/6590410129472,1969-12-31
https://myshirtsdope.com/product/6590411210816,1969-12-31
https://myshirtsdope.com/product/6590411571264,1969-12-31
https://myshirtsdope.com/product/6590422908992,1969-12-31
https://myshirtsdope.com/product/6590431658048,1969-12-31
https://myshirtsdope.com/product/6590432641088,1969-12-31
https://myshirtsdope.com/product/6590432772160,1969-12-31
https://myshirtsdope.com/product/6590508367936,1969-12-31
https://myshirtsdope.com/product/6590508924992,1969-12-31
https://myshirtsdope.com/product/6590510104640,1969-12-31
https://myshirtsdope.com/product/6590519377984,1969-12-31
https://myshirtsdope.com/product/6590520033344,1969-12-31
https://myshirtsdope.com/product/6590520164416,1969-12-31
https://myshirtsdope.com/product/6590524293184,1969-12-31
https://myshirtsdope.com/product/6590622203968,1969-12-31
https://myshirtsdope.com/product/6590784831552,1969-12-31
https://myshirtsdope.com/product/6590785060928,1969-12-31
https://myshirtsdope.com/product/6590785945664,1969-12-31
https://myshirtsdope.com/product/6590786371648,1969-12-31
https://myshirtsdope.com/product/6590827233344,1969-12-31
https://myshirtsdope.com/product/6590827298880,1969-12-31
https://myshirtsdope.com/product/6590920851520,1969-12-31
https://myshirtsdope.com/product/6590921146432,1969-12-31
https://myshirtsdope.com/product/6590921736256,1969-12-31
https://myshirtsdope.com/product/6590922195008,1969-12-31
https://myshirtsdope.com/product/6590922260544,1969-12-31
https://myshirtsdope.com/product/6590941790272,1969-12-31
https://myshirtsdope.com/product/6590942675008,1969-12-31
https://myshirtsdope.com/product/6590942806080,1969-12-31
https://myshirtsdope.com/product/6590943461440,1969-12-31
https://myshirtsdope.com/product/6590943887424,1969-12-31
https://myshirtsdope.com/product/6590943952960,1969-12-31
https://myshirtsdope.com/product/6590980489280,1969-12-31
https://myshirtsdope.com/product/6590986485824,1969-12-31
https://myshirtsdope.com/product/6590987632704,1969-12-31
https://myshirtsdope.com/product/6590987927616,1969-12-31
https://myshirtsdope.com/product/6591393202240,1969-12-31
https://myshirtsdope.com/product/6591393660992,1969-12-31
https://myshirtsdope.com/product/6591394086976,1969-12-31
https://myshirtsdope.com/product/6591540068416,1969-12-31
https://myshirtsdope.com/product/6591540625472,1969-12-31
https://myshirtsdope.com/product/6591542362176,1969-12-31
https://myshirtsdope.com/product/6591579783232,1969-12-31
https://myshirtsdope.com/product/6591579848768,1969-12-31
https://myshirtsdope.com/product/6591581257792,1969-12-31
https://myshirtsdope.com/product/6591581421632,1969-12-31
https://myshirtsdope.com/product/6591582732352,1969-12-31
https://myshirtsdope.com/product/6591668322368,1969-12-31
https://myshirtsdope.com/product/6591668879424,1969-12-31
https://myshirtsdope.com/product/6591669174336,1969-12-31
https://myshirtsdope.com/product/6591669305408,1969-12-31
https://myshirtsdope.com/product/6591669403712,1969-12-31
https://myshirtsdope.com/product/6591672975424,1969-12-31
https://myshirtsdope.com/product/6591673598016,1969-12-31
https://myshirtsdope.com/product/6591774720064,1969-12-31
https://myshirtsdope.com/product/6591774949440,1969-12-31
https://myshirtsdope.com/product/6591775998016,1969-12-31
https://myshirtsdope.com/product/6591776686144,1969-12-31
https://myshirtsdope.com/product/6591780814912,1969-12-31
https://myshirtsdope.com/product/6591780880448,1969-12-31
https://myshirtsdope.com/product/6591780913216,1969-12-31
https://myshirtsdope.com/product/6591868141632,1969-12-31
https://myshirtsdope.com/product/6591868469312,1969-12-31
https://myshirtsdope.com/product/6592037847104,1969-12-31
https://myshirtsdope.com/product/6592039616576,1969-12-31
https://myshirtsdope.com/product/6592039944256,1969-12-31
https://myshirtsdope.com/product/6592111640640,1969-12-31
https://myshirtsdope.com/product/6592420708416,1969-12-31
https://myshirtsdope.com/product/6592653328448,1969-12-31
https://myshirtsdope.com/product/6592682557504,1969-12-31
https://myshirtsdope.com/product/6596860772416,1969-12-31
https://myshirtsdope.com/product/6596864573504,1969-12-31
https://myshirtsdope.com/product/6596865228864,1969-12-31
https://myshirtsdope.com/product/6596868341824,1969-12-31
https://myshirtsdope.com/product/6596869029952,1969-12-31
https://myshirtsdope.com/product/6597137924160,1969-12-31
https://myshirtsdope.com/product/6597140906048,1969-12-31
https://myshirtsdope.com/product/6597416517696,1969-12-31
https://myshirtsdope.com/product/6597417173056,1969-12-31
https://myshirtsdope.com/product/6597428707392,1969-12-31
https://myshirtsdope.com/product/6597428772928,1969-12-31
https://myshirtsdope.com/product/6597428904000,1969-12-31
https://myshirtsdope.com/product/6597430378560,1969-12-31
https://myshirtsdope.com/product/6597432377408,1969-12-31
https://myshirtsdope.com/product/6597444665408,1969-12-31
https://myshirtsdope.com/product/6597456134208,1969-12-31
https://myshirtsdope.com/product/6597456658496,1969-12-31
https://myshirtsdope.com/product/6597457870912,1969-12-31
https://myshirtsdope.com/product/6597533302848,1969-12-31
https://myshirtsdope.com/product/6597554962496,1969-12-31
https://myshirtsdope.com/product/6597556011072,1969-12-31
https://myshirtsdope.com/product/6597556535360,1969-12-31
https://myshirtsdope.com/product/6597559091264,1969-12-31
https://myshirtsdope.com/product/6597559582784,1969-12-31
https://myshirtsdope.com/product/6597559615552,1969-12-31
https://myshirtsdope.com/product/6597560107072,1969-12-31
https://myshirtsdope.com/product/6597560238144,1969-12-31
https://myshirtsdope.com/product/6597560336448,1969-12-31
https://myshirtsdope.com/product/6597560565824,1969-12-31
https://myshirtsdope.com/product/6597567709248,1969-12-31
https://myshirtsdope.com/product/6597568692288,1969-12-31
https://myshirtsdope.com/product/6597568757824,1969-12-31
https://myshirtsdope.com/product/6597569413184,1969-12-31
https://myshirtsdope.com/product/6597570756672,1969-12-31
https://myshirtsdope.com/product/6597571117120,1969-12-31
https://myshirtsdope.com/product/6597571313728,1969-12-31
https://myshirtsdope.com/product/6597572755520,1969-12-31
https://myshirtsdope.com/product/6597575344192,1969-12-31
https://myshirtsdope.com/product/6597585829952,1969-12-31
https://myshirtsdope.com/product/6597587796032,1969-12-31
https://myshirtsdope.com/product/6597587927104,1969-12-31
https://myshirtsdope.com/product/6597690392640,1969-12-31
https://myshirtsdope.com/product/6597714116672,1969-12-31
https://myshirtsdope.com/product/6597714247744,1969-12-31
https://myshirtsdope.com/product/6597714804800,1969-12-31
https://myshirtsdope.com/product/6597716344896,1969-12-31
https://myshirtsdope.com/product/6597717557312,1969-12-31
https://myshirtsdope.com/product/6597726797888,1969-12-31
https://myshirtsdope.com/product/6597727682624,1969-12-31
https://myshirtsdope.com/product/6597728043072,1969-12-31
https://myshirtsdope.com/product/6597728239680,1969-12-31
https://myshirtsdope.com/product/6597728469056,1969-12-31
https://myshirtsdope.com/product/6598480429120,1969-12-31
https://myshirtsdope.com/product/6598480986176,1969-12-31
https://myshirtsdope.com/product/6598481215552,1969-12-31
https://myshirtsdope.com/product/6598481346624,1969-12-31
https://myshirtsdope.com/product/6598483411008,1969-12-31
https://myshirtsdope.com/product/6598484394048,1969-12-31
https://myshirtsdope.com/product/6598484951104,1969-12-31
https://myshirtsdope.com/product/6598485344320,1969-12-31
https://myshirtsdope.com/product/6598486097984,1969-12-31
https://myshirtsdope.com/product/6598487277632,1969-12-31
https://myshirtsdope.com/product/6598489636928,1969-12-31
https://myshirtsdope.com/product/6598490619968,1969-12-31
https://myshirtsdope.com/product/6598492094528,1969-12-31
https://myshirtsdope.com/product/6598493634624,1969-12-31
https://myshirtsdope.com/product/6598493732928,1969-12-31
https://myshirtsdope.com/product/6598494552128,1969-12-31
https://myshirtsdope.com/product/6598497402944,1969-12-31
https://myshirtsdope.com/product/6598497697856,1969-12-31
https://myshirtsdope.com/product/6598502481984,1969-12-31
https://myshirtsdope.com/product/6598503137344,1969-12-31
https://myshirtsdope.com/product/6598566215744,1969-12-31
https://myshirtsdope.com/product/6598566281280,1969-12-31
https://myshirtsdope.com/product/6598566871104,1969-12-31
https://myshirtsdope.com/product/6598568869952,1969-12-31
https://myshirtsdope.com/product/6598569263168,1969-12-31
https://myshirtsdope.com/product/6598569721920,1969-12-31
https://myshirtsdope.com/product/6598570410048,1969-12-31
https://myshirtsdope.com/product/6598575685696,1969-12-31
https://myshirtsdope.com/product/6598576046144,1969-12-31
https://myshirtsdope.com/product/6598576144448,1969-12-31
https://myshirtsdope.com/product/6598577782848,1969-12-31
https://myshirtsdope.com/product/6598578405440,1969-12-31
https://myshirtsdope.com/product/6598578700352,1969-12-31
https://myshirtsdope.com/product/6598578896960,1969-12-31
https://myshirtsdope.com/product/6598580764736,1969-12-31
https://myshirtsdope.com/product/6598581125184,1969-12-31
https://myshirtsdope.com/product/6598581551168,1969-12-31
https://myshirtsdope.com/product/6598626672704,1969-12-31
https://myshirtsdope.com/product/6598628769856,1969-12-31
https://myshirtsdope.com/product/6598628835392,1969-12-31
https://myshirtsdope.com/product/6598644334656,1969-12-31
https://myshirtsdope.com/product/6598644629568,1969-12-31
https://myshirtsdope.com/product/6598645121088,1969-12-31
https://myshirtsdope.com/product/6598645350464,1969-12-31
https://myshirtsdope.com/product/6598645645376,1969-12-31
https://myshirtsdope.com/product/6598646202432,1969-12-31
https://myshirtsdope.com/product/6598647087168,1969-12-31
https://myshirtsdope.com/product/6598690078784,1969-12-31
https://myshirtsdope.com/product/6598693814336,1969-12-31
https://myshirtsdope.com/product/6598693978176,1969-12-31
https://myshirtsdope.com/product/6598697287744,1969-12-31
https://myshirtsdope.com/product/6598700761152,1969-12-31
https://myshirtsdope.com/product/6598701482048,1969-12-31
https://myshirtsdope.com/product/6598702268480,1969-12-31
https://myshirtsdope.com/product/6598702891072,1969-12-31
https://myshirtsdope.com/product/6598703415360,1969-12-31
https://myshirtsdope.com/product/6598705086528,1969-12-31
https://myshirtsdope.com/product/6598705217600,1969-12-31
https://myshirtsdope.com/product/6598705348672,1969-12-31
https://myshirtsdope.com/product/6598705512512,1969-12-31
https://myshirtsdope.com/product/6598726385728,1969-12-31
https://myshirtsdope.com/product/6598727008320,1969-12-31
https://myshirtsdope.com/product/6598727729216,1969-12-31
https://myshirtsdope.com/product/6598734381120,1969-12-31
https://myshirtsdope.com/product/6598743621696,1969-12-31
https://myshirtsdope.com/product/6598809124928,1969-12-31
https://myshirtsdope.com/product/6598811942976,1969-12-31
https://myshirtsdope.com/product/6598812008512,1969-12-31
https://myshirtsdope.com/product/6598812237888,1969-12-31
https://myshirtsdope.com/product/6598893699136,1969-12-31
https://myshirtsdope.com/product/6598893797440,1969-12-31
https://myshirtsdope.com/product/6598895009856,1969-12-31
https://myshirtsdope.com/product/6598895534144,1969-12-31
https://myshirtsdope.com/product/6598947405888,1969-12-31
https://myshirtsdope.com/product/6598951239744,1969-12-31
https://myshirtsdope.com/product/6598952124480,1969-12-31
https://myshirtsdope.com/product/6598954188864,1969-12-31
https://myshirtsdope.com/product/6598957334592,1969-12-31
https://myshirtsdope.com/product/6598958678080,1969-12-31
https://myshirtsdope.com/product/6598958809152,1969-12-31
https://myshirtsdope.com/product/6598959169600,1969-12-31
https://myshirtsdope.com/product/6598995083328,1969-12-31
https://myshirtsdope.com/product/6599000621120,1969-12-31
https://myshirtsdope.com/product/6599001997376,1969-12-31
https://myshirtsdope.com/product/6599003734080,1969-12-31
https://myshirtsdope.com/product/6599007699008,1969-12-31
https://myshirtsdope.com/product/6599089291328,1969-12-31
https://myshirtsdope.com/product/6599089487936,1969-12-31
https://myshirtsdope.com/product/6599092568128,1969-12-31
https://myshirtsdope.com/product/6599095058496,1969-12-31
https://myshirtsdope.com/product/6599097122880,1969-12-31
https://myshirtsdope.com/product/6599118291008,1969-12-31
https://myshirtsdope.com/product/6599119175744,1969-12-31
https://myshirtsdope.com/product/6599119896640,1969-12-31
https://myshirtsdope.com/product/6599120257088,1969-12-31
https://myshirtsdope.com/product/6599122157632,1969-12-31
https://myshirtsdope.com/product/6599122255936,1969-12-31
https://myshirtsdope.com/product/6599178485824,1969-12-31
https://myshirtsdope.com/product/6599178551360,1969-12-31
https://myshirtsdope.com/product/6599305986112,1969-12-31
https://myshirtsdope.com/product/6599312212032,1969-12-31
https://myshirtsdope.com/product/6599312277568,1969-12-31
https://myshirtsdope.com/product/6599458783296,1969-12-31
https://myshirtsdope.com/product/6599458914368,1969-12-31
https://myshirtsdope.com/product/6599461699648,1969-12-31
https://myshirtsdope.com/product/6599464419392,1969-12-31
https://myshirtsdope.com/product/6599465369664,1969-12-31
https://myshirtsdope.com/product/6599473004608,1969-12-31
https://myshirtsdope.com/product/6599473463360,1969-12-31
https://myshirtsdope.com/product/6599474118720,1969-12-31
https://myshirtsdope.com/product/6599551418432,1969-12-31
https://myshirtsdope.com/product/6599552729152,1969-12-31
https://myshirtsdope.com/product/6599553646656,1969-12-31
https://myshirtsdope.com/product/6599564820544,1969-12-31
https://myshirtsdope.com/product/6599564918848,1969-12-31
https://myshirtsdope.com/product/6599565082688,1969-12-31
https://myshirtsdope.com/product/6599565213760,1969-12-31
https://myshirtsdope.com/product/6599565377600,1969-12-31
https://myshirtsdope.com/product/6599566065728,1969-12-31
https://myshirtsdope.com/product/6599566098496,1969-12-31
https://myshirtsdope.com/product/6599566950464,1969-12-31
https://myshirtsdope.com/product/6599642382400,1969-12-31
https://myshirtsdope.com/product/6599642841152,1969-12-31
https://myshirtsdope.com/product/6599644184640,1969-12-31
https://myshirtsdope.com/product/6599671251008,1969-12-31
https://myshirtsdope.com/product/6599671644224,1969-12-31
https://myshirtsdope.com/product/6599672102976,1969-12-31
https://myshirtsdope.com/product/6599673053248,1969-12-31
https://myshirtsdope.com/product/6599673544768,1969-12-31
https://myshirtsdope.com/product/6599674200128,1969-12-31
https://myshirtsdope.com/product/6599737704512,1969-12-31
https://myshirtsdope.com/product/6599737770048,1969-12-31
https://myshirtsdope.com/product/6599737868352,1969-12-31
https://myshirtsdope.com/product/6599742685248,1969-12-31
https://myshirtsdope.com/product/6599745699904,1969-12-31
https://myshirtsdope.com/product/6599746289728,1969-12-31
https://myshirtsdope.com/product/6599746715712,1969-12-31
https://myshirtsdope.com/product/6599747371072,1969-12-31
https://myshirtsdope.com/product/6599752810560,1969-12-31
https://myshirtsdope.com/product/6599754940480,1969-12-31
https://myshirtsdope.com/product/6599756054592,1969-12-31
https://myshirtsdope.com/product/6599756939328,1969-12-31
https://myshirtsdope.com/product/6599774601280,1969-12-31
https://myshirtsdope.com/product/6599775682624,1969-12-31
https://myshirtsdope.com/product/6599776305216,1969-12-31
https://myshirtsdope.com/product/6599776993344,1969-12-31
https://myshirtsdope.com/product/6599780565056,1969-12-31
https://myshirtsdope.com/product/6599783743552,1969-12-31
https://myshirtsdope.com/product/6599788101696,1969-12-31
https://myshirtsdope.com/product/6599869268032,1969-12-31
https://myshirtsdope.com/product/6599869628480,1969-12-31
https://myshirtsdope.com/product/6599870218304,1969-12-31
https://myshirtsdope.com/product/6599870349376,1969-12-31
https://myshirtsdope.com/product/6599871660096,1969-12-31
https://myshirtsdope.com/product/6599987757120,1969-12-31
https://myshirtsdope.com/product/6599987920960,1969-12-31
https://myshirtsdope.com/product/6599987986496,1969-12-31
https://myshirtsdope.com/product/6599989428288,1969-12-31
https://myshirtsdope.com/product/6599990214720,1969-12-31
https://myshirtsdope.com/product/6599990247488,1969-12-31
https://myshirtsdope.com/product/6599990607936,1969-12-31
https://myshirtsdope.com/product/6599990706240,1969-12-31
https://myshirtsdope.com/product/6599991820352,1969-12-31
https://myshirtsdope.com/product/6599993065536,1969-12-31
https://myshirtsdope.com/product/6599993196608,1969-12-31
https://myshirtsdope.com/product/6599999324224,1969-12-31
https://myshirtsdope.com/product/6599999455296,1969-12-31
https://myshirtsdope.com/product/6600000536640,1969-12-31
https://myshirtsdope.com/product/6600000667712,1969-12-31
https://myshirtsdope.com/product/6600002076736,1969-12-31
https://myshirtsdope.com/product/6600002338880,1969-12-31
https://myshirtsdope.com/product/6600002863168,1969-12-31
https://myshirtsdope.com/product/6600003584064,1969-12-31
https://myshirtsdope.com/product/6600003747904,1969-12-31
https://myshirtsdope.com/product/6600003878976,1969-12-31
https://myshirtsdope.com/product/6600004993088,1969-12-31
https://myshirtsdope.com/product/6600005386304,1969-12-31
https://myshirtsdope.com/product/6600096186432,1969-12-31
https://myshirtsdope.com/product/6600210907200,1969-12-31
https://myshirtsdope.com/product/6600211005504,1969-12-31
https://myshirtsdope.com/product/6600212938816,1969-12-31
https://myshirtsdope.com/product/6600213168192,1969-12-31
https://myshirtsdope.com/product/6600218378304,1969-12-31
https://myshirtsdope.com/product/6600313995328,1969-12-31
https://myshirtsdope.com/product/6600314060864,1969-12-31
https://myshirtsdope.com/product/6600314781760,1969-12-31
https://myshirtsdope.com/product/6600315895872,1969-12-31
https://myshirtsdope.com/product/6600316223552,1969-12-31
https://myshirtsdope.com/product/6600374648896,1969-12-31
https://myshirtsdope.com/product/6600385003584,1969-12-31
https://myshirtsdope.com/product/6600385101888,1969-12-31
https://myshirtsdope.com/product/6600385265728,1969-12-31
https://myshirtsdope.com/product/6600386936896,1969-12-31
https://myshirtsdope.com/product/6600392114240,1969-12-31
https://myshirtsdope.com/product/6600392409152,1969-12-31
https://myshirtsdope.com/product/6600392507456,1969-12-31
https://myshirtsdope.com/product/6600393818176,1969-12-31
https://myshirtsdope.com/product/6600394244160,1969-12-31
https://myshirtsdope.com/product/6600394637376,1969-12-31
https://myshirtsdope.com/product/6600396603456,1969-12-31
https://myshirtsdope.com/product/6600397029440,1969-12-31
https://myshirtsdope.com/product/6600415051840,1969-12-31
https://myshirtsdope.com/product/6600415215680,1969-12-31
https://myshirtsdope.com/product/6600417574976,1969-12-31
https://myshirtsdope.com/product/6600424849472,1969-12-31
https://myshirtsdope.com/product/6600425111616,1969-12-31
https://myshirtsdope.com/product/6600427667520,1969-12-31
https://myshirtsdope.com/product/6600641314880,1969-12-31
https://myshirtsdope.com/product/6600642265152,1969-12-31
https://myshirtsdope.com/product/6600642396224,1969-12-31
https://myshirtsdope.com/product/6600654487616,1969-12-31
https://myshirtsdope.com/product/6600654880832,1969-12-31
https://myshirtsdope.com/product/6600656093248,1969-12-31
https://myshirtsdope.com/product/6600656715840,1969-12-31
https://myshirtsdope.com/product/6600674345024,1969-12-31
https://myshirtsdope.com/product/6600674836544,1969-12-31
https://myshirtsdope.com/product/6600712028224,1969-12-31
https://myshirtsdope.com/product/6600712093760,1969-12-31
https://myshirtsdope.com/product/6600712126528,1969-12-31
https://myshirtsdope.com/product/6600712618048,1969-12-31
https://myshirtsdope.com/product/6600717664320,1969-12-31
https://myshirtsdope.com/product/6600717893696,1969-12-31
https://myshirtsdope.com/product/6600769667136,1969-12-31
https://myshirtsdope.com/product/6600772386880,1969-12-31
https://myshirtsdope.com/product/6600772452416,1969-12-31
https://myshirtsdope.com/product/6600773992512,1969-12-31
https://myshirtsdope.com/product/6600775008320,1969-12-31
https://myshirtsdope.com/product/6600775368768,1969-12-31
https://myshirtsdope.com/product/6600775761984,1969-12-31
https://myshirtsdope.com/product/6600776286272,1969-12-31
https://myshirtsdope.com/product/6600776417344,1969-12-31
https://myshirtsdope.com/product/6600812232768,1969-12-31
https://myshirtsdope.com/product/6600812527680,1969-12-31
https://myshirtsdope.com/product/6600812691520,1969-12-31
https://myshirtsdope.com/product/6600812724288,1969-12-31
https://myshirtsdope.com/product/6600812855360,1969-12-31
https://myshirtsdope.com/product/6600813510720,1969-12-31
https://myshirtsdope.com/product/6600813707328,1969-12-31
https://myshirtsdope.com/product/6600892514368,1969-12-31
https://myshirtsdope.com/product/6600904441920,1969-12-31
https://myshirtsdope.com/product/6600904638528,1969-12-31
https://myshirtsdope.com/product/6600905064512,1969-12-31
https://myshirtsdope.com/product/6600905130048,1969-12-31
https://myshirtsdope.com/product/6600905490496,1969-12-31
https://myshirtsdope.com/product/6600910504000,1969-12-31
https://myshirtsdope.com/product/6600910929984,1969-12-31
https://myshirtsdope.com/product/6600911028288,1969-12-31
https://myshirtsdope.com/product/6600911224896,1969-12-31
https://myshirtsdope.com/product/6601089024064,1969-12-31
https://myshirtsdope.com/product/6601235169344,1969-12-31
https://myshirtsdope.com/product/6601235365952,1969-12-31
https://myshirtsdope.com/product/6601273180224,1969-12-31
https://myshirtsdope.com/product/6601273409600,1969-12-31
https://myshirtsdope.com/product/6601273540672,1969-12-31
https://myshirtsdope.com/product/6601285304384,1969-12-31
https://myshirtsdope.com/product/6601285402688,1969-12-31
https://myshirtsdope.com/product/6601285566528,1969-12-31
https://myshirtsdope.com/product/6601285828672,1969-12-31
https://myshirtsdope.com/product/6601286910016,1969-12-31
https://myshirtsdope.com/product/6601313026112,1969-12-31
https://myshirtsdope.com/product/6601313419328,1969-12-31
https://myshirtsdope.com/product/6601313615936,1969-12-31
https://myshirtsdope.com/product/6601331966016,1969-12-31
https://myshirtsdope.com/product/6601332064320,1969-12-31
https://myshirtsdope.com/product/6601332424768,1969-12-31
https://myshirtsdope.com/product/6601332457536,1969-12-31
https://myshirtsdope.com/product/6601332490304,1969-12-31
https://myshirtsdope.com/product/6601332785216,1969-12-31
https://myshirtsdope.com/product/6601332949056,1969-12-31
https://myshirtsdope.com/product/6601333899328,1969-12-31
https://myshirtsdope.com/product/6601339568192,1969-12-31
https://myshirtsdope.com/product/6601340092480,1969-12-31
https://myshirtsdope.com/product/6601345073216,1969-12-31
https://myshirtsdope.com/product/6601487876160,1969-12-31
https://myshirtsdope.com/product/6601488302144,1969-12-31
https://myshirtsdope.com/product/6601500328000,1969-12-31
https://myshirtsdope.com/product/6601501737024,1969-12-31
https://myshirtsdope.com/product/6601502163008,1969-12-31
https://myshirtsdope.com/product/6601527328832,1969-12-31
https://myshirtsdope.com/product/6601695068224,1969-12-31
https://myshirtsdope.com/product/6601696968768,1969-12-31
https://myshirtsdope.com/product/6601697001536,1969-12-31
https://myshirtsdope.com/product/6601697099840,1969-12-31
https://myshirtsdope.com/product/6601723707456,1969-12-31
https://myshirtsdope.com/product/6601724756032,1969-12-31
https://myshirtsdope.com/product/6601725149248,1969-12-31
https://myshirtsdope.com/product/6601725214784,1969-12-31
https://myshirtsdope.com/product/6601725313088,1969-12-31
https://myshirtsdope.com/product/6601726197824,1969-12-31
https://myshirtsdope.com/product/6601849667648,1969-12-31
https://myshirtsdope.com/product/6601850552384,1969-12-31
https://myshirtsdope.com/product/6601851895872,1969-12-31
https://myshirtsdope.com/product/6601921921088,1969-12-31
https://myshirtsdope.com/product/6601928409152,1969-12-31
https://myshirtsdope.com/product/6601938468928,1969-12-31
https://myshirtsdope.com/product/6601938632768,1969-12-31
https://myshirtsdope.com/product/6602327916608,1969-12-31
https://myshirtsdope.com/product/6602328342592,1969-12-31
https://myshirtsdope.com/product/6602328801344,1969-12-31
https://myshirtsdope.com/product/6602328899648,1969-12-31
https://myshirtsdope.com/product/6602382868544,1969-12-31
https://myshirtsdope.com/product/6602428678208,1969-12-31
https://myshirtsdope.com/product/6602455842880,1969-12-31
https://myshirtsdope.com/product/6602456924224,1969-12-31
https://myshirtsdope.com/product/6602457350208,1969-12-31
https://myshirtsdope.com/product/6602459643968,1969-12-31
https://myshirtsdope.com/product/6602459709504,1969-12-31
https://myshirtsdope.com/product/6602459775040,1969-12-31
https://myshirtsdope.com/product/6602557751360,1969-12-31
https://myshirtsdope.com/product/6602558767168,1969-12-31
https://myshirtsdope.com/product/6602558996544,1969-12-31
https://myshirtsdope.com/product/6602559881280,1969-12-31
https://myshirtsdope.com/product/6602560405568,1969-12-31
https://myshirtsdope.com/product/6602637934656,1969-12-31
https://myshirtsdope.com/product/6602638196800,1969-12-31
https://myshirtsdope.com/product/6602639081536,1969-12-31
https://myshirtsdope.com/product/6602675650624,1969-12-31
https://myshirtsdope.com/product/6602675683392,1969-12-31
https://myshirtsdope.com/product/6602675814464,1969-12-31
https://myshirtsdope.com/product/6602676207680,1969-12-31
https://myshirtsdope.com/product/6602676273216,1969-12-31
https://myshirtsdope.com/product/6602708811840,1969-12-31
https://myshirtsdope.com/product/6602708975680,1969-12-31
https://myshirtsdope.com/product/6602709598272,1969-12-31
https://myshirtsdope.com/product/6602709860416,1969-12-31
https://myshirtsdope.com/product/6602709925952,1969-12-31
https://myshirtsdope.com/product/6602711302208,1969-12-31
https://myshirtsdope.com/product/6602715791424,1969-12-31
https://myshirtsdope.com/product/6602716348480,1969-12-31
https://myshirtsdope.com/product/6602733191232,1969-12-31
https://myshirtsdope.com/product/6602735681600,1969-12-31
https://myshirtsdope.com/product/6602736631872,1969-12-31
https://myshirtsdope.com/product/6602790502464,1969-12-31
https://myshirtsdope.com/product/6602790993984,1969-12-31
https://myshirtsdope.com/product/6602791747648,1969-12-31
https://myshirtsdope.com/product/6602792370240,1969-12-31
https://myshirtsdope.com/product/6602916397120,1969-12-31
https://myshirtsdope.com/product/6602916823104,1969-12-31
https://myshirtsdope.com/product/6602921214016,1969-12-31
https://myshirtsdope.com/product/6602922229824,1969-12-31
https://myshirtsdope.com/product/6602922393664,1969-12-31
https://myshirtsdope.com/product/6602922557504,1969-12-31
https://myshirtsdope.com/product/6602922721344,1969-12-31
https://myshirtsdope.com/product/6602922885184,1969-12-31
https://myshirtsdope.com/product/6602922983488,1969-12-31
https://myshirtsdope.com/product/6602923278400,1969-12-31
https://myshirtsdope.com/product/6602925736000,1969-12-31
https://myshirtsdope.com/product/6602926817344,1969-12-31
https://myshirtsdope.com/product/6602969088064,1969-12-31
https://myshirtsdope.com/product/6602969415744,1969-12-31
https://myshirtsdope.com/product/6602975248448,1969-12-31
https://myshirtsdope.com/product/6602975772736,1969-12-31
https://myshirtsdope.com/product/6602987208768,1969-12-31
https://myshirtsdope.com/product/6602987569216,1969-12-31
https://myshirtsdope.com/product/6602996449344,1969-12-31
https://myshirtsdope.com/product/6602996744256,1969-12-31
https://myshirtsdope.com/product/6602997432384,1969-12-31
https://myshirtsdope.com/product/6602997825600,1969-12-31
https://myshirtsdope.com/product/6603010179136,1969-12-31
https://myshirtsdope.com/product/6603011129408,1969-12-31
https://myshirtsdope.com/product/6603041275968,1969-12-31
https://myshirtsdope.com/product/6603045142592,1969-12-31
https://myshirtsdope.com/product/6603045404736,1969-12-31
https://myshirtsdope.com/product/6603048386624,1969-12-31
https://myshirtsdope.com/product/6603072503872,1969-12-31
https://myshirtsdope.com/product/6603072536640,1969-12-31
https://myshirtsdope.com/product/6603072929856,1969-12-31
https://myshirtsdope.com/product/6603140104256,1969-12-31
https://myshirtsdope.com/product/6603140464704,1969-12-31
https://myshirtsdope.com/product/6603141218368,1969-12-31
https://myshirtsdope.com/product/6603141775424,1969-12-31
https://myshirtsdope.com/product/6603142201408,1969-12-31
https://myshirtsdope.com/product/6603142660160,1969-12-31
https://myshirtsdope.com/product/6603143446592,1969-12-31
https://myshirtsdope.com/product/6603204427840,1969-12-31
https://myshirtsdope.com/product/6603204591680,1969-12-31
https://myshirtsdope.com/product/6603204984896,1969-12-31
https://myshirtsdope.com/product/6603206197312,1969-12-31
https://myshirtsdope.com/product/6603206295616,1969-12-31
https://myshirtsdope.com/product/6603206426688,1969-12-31
https://myshirtsdope.com/product/6603207082048,1969-12-31
https://myshirtsdope.com/product/6603207508032,1969-12-31
https://myshirtsdope.com/product/6603208130624,1969-12-31
https://myshirtsdope.com/product/6603208523840,1969-12-31
https://myshirtsdope.com/product/6603230773312,1969-12-31
https://myshirtsdope.com/product/6603231625280,1969-12-31
https://myshirtsdope.com/product/6603232149568,1969-12-31
https://myshirtsdope.com/product/6603263672384,1969-12-31
https://myshirtsdope.com/product/6603267768384,1969-12-31
https://myshirtsdope.com/product/6603269013568,1969-12-31
https://myshirtsdope.com/product/6603269177408,1969-12-31
https://myshirtsdope.com/product/6603311251520,1969-12-31
https://myshirtsdope.com/product/6603314856000,1969-12-31
https://myshirtsdope.com/product/6603314888768,1969-12-31
https://myshirtsdope.com/product/6603317641280,1969-12-31
https://myshirtsdope.com/product/6603317706816,1969-12-31
https://myshirtsdope.com/product/6603317903424,1969-12-31
https://myshirtsdope.com/product/6603318493248,1969-12-31
https://myshirtsdope.com/product/6603318526016,1969-12-31
https://myshirtsdope.com/product/6603318657088,1969-12-31
https://myshirtsdope.com/product/6603318788160,1969-12-31
https://myshirtsdope.com/product/6603347755072,1969-12-31
https://myshirtsdope.com/product/6603348017216,1969-12-31
https://myshirtsdope.com/product/6603350016064,1969-12-31
https://myshirtsdope.com/product/6603350802496,1969-12-31
https://myshirtsdope.com/product/6603406835776,1969-12-31
https://myshirtsdope.com/product/6603462705216,1969-12-31
https://myshirtsdope.com/product/6603464114240,1969-12-31
https://myshirtsdope.com/product/6603602264128,1969-12-31
https://myshirtsdope.com/product/6603671044160,1969-12-31
https://myshirtsdope.com/product/6603671208000,1969-12-31
https://myshirtsdope.com/product/6603671306304,1969-12-31
https://myshirtsdope.com/product/6603671371840,1969-12-31
https://myshirtsdope.com/product/6603671928896,1969-12-31
https://myshirtsdope.com/product/6603672453184,1969-12-31
https://myshirtsdope.com/product/6603672617024,1969-12-31
https://myshirtsdope.com/product/6603808538688,1969-12-31
https://myshirtsdope.com/product/6603808702528,1969-12-31
https://myshirtsdope.com/product/6603808964672,1969-12-31
https://myshirtsdope.com/product/6603809161280,1969-12-31
https://myshirtsdope.com/product/6603809226816,1969-12-31
https://myshirtsdope.com/product/6603809325120,1969-12-31
https://myshirtsdope.com/product/6603809357888,1969-12-31
https://myshirtsdope.com/product/6603809423424,1969-12-31
https://myshirtsdope.com/product/6603810275392,1969-12-31
https://myshirtsdope.com/product/6603810472000,1969-12-31
https://myshirtsdope.com/product/6603810537536,1969-12-31
https://myshirtsdope.com/product/6603810603072,1969-12-31
https://myshirtsdope.com/product/6603875352640,1969-12-31
https://myshirtsdope.com/product/6603875647552,1969-12-31
https://myshirtsdope.com/product/6603876466752,1969-12-31
https://myshirtsdope.com/product/6603877023808,1969-12-31
https://myshirtsdope.com/product/6603877548096,1969-12-31
https://myshirtsdope.com/product/6603877646400,1969-12-31
https://myshirtsdope.com/product/6603889213504,1969-12-31
https://myshirtsdope.com/product/6603889770560,1969-12-31
https://myshirtsdope.com/product/6603936989248,1969-12-31
https://myshirtsdope.com/product/6603937579072,1969-12-31
https://myshirtsdope.com/product/6603938070592,1969-12-31
https://myshirtsdope.com/product/6603941183552,1969-12-31
https://myshirtsdope.com/product/6603988402240,1969-12-31
https://myshirtsdope.com/product/6604042731584,1969-12-31
https://myshirtsdope.com/product/6604042928192,1969-12-31
https://myshirtsdope.com/product/6604051316800,1969-12-31
https://myshirtsdope.com/product/6604051775552,1969-12-31
https://myshirtsdope.com/product/6604052004928,1969-12-31
https://myshirtsdope.com/product/6604098469952,1969-12-31
https://myshirtsdope.com/product/6604099944512,1969-12-31
https://myshirtsdope.com/product/6604261064768,1969-12-31
https://myshirtsdope.com/product/6604261687360,1969-12-31
https://myshirtsdope.com/product/6604261818432,1969-12-31
https://myshirtsdope.com/product/6604261949504,1969-12-31
https://myshirtsdope.com/product/6604262801472,1969-12-31
https://myshirtsdope.com/product/6604263358528,1969-12-31
https://myshirtsdope.com/product/6604263555136,1969-12-31
https://myshirtsdope.com/product/6604276531264,1969-12-31
https://myshirtsdope.com/product/6604276924480,1969-12-31
https://myshirtsdope.com/product/6604301893696,1969-12-31
https://myshirtsdope.com/product/6604302352448,1969-12-31
https://myshirtsdope.com/product/6604393381952,1969-12-31
https://myshirtsdope.com/product/6604393447488,1969-12-31
https://myshirtsdope.com/product/6604394594368,1969-12-31
https://myshirtsdope.com/product/6604417957952,1969-12-31
https://myshirtsdope.com/product/6604422152256,1969-12-31
https://myshirtsdope.com/product/6605231784000,1969-12-31
https://myshirtsdope.com/product/6605235650624,1969-12-31
https://myshirtsdope.com/product/6605235716160,1969-12-31
https://myshirtsdope.com/product/6605252591680,1969-12-31
https://myshirtsdope.com/product/6605252657216,1969-12-31
https://myshirtsdope.com/product/6605253312576,1969-12-31
https://myshirtsdope.com/product/6605253607488,1969-12-31
https://myshirtsdope.com/product/6605256261696,1969-12-31
https://myshirtsdope.com/product/6605260390464,1969-12-31
https://myshirtsdope.com/product/6605261242432,1969-12-31
https://myshirtsdope.com/product/6605261340736,1969-12-31
https://myshirtsdope.com/product/6605261832256,1969-12-31
https://myshirtsdope.com/product/6605261897792,1969-12-31
https://myshirtsdope.com/product/6605262159936,1969-12-31
https://myshirtsdope.com/product/6605262422080,1969-12-31
https://myshirtsdope.com/product/6605313179712,1969-12-31
https://myshirtsdope.com/product/6605383663680,1969-12-31
https://myshirtsdope.com/product/6605385564224,1969-12-31
https://myshirtsdope.com/product/6605386350656,1969-12-31
https://myshirtsdope.com/product/6605386645568,1969-12-31
https://myshirtsdope.com/product/6605386907712,1969-12-31
https://myshirtsdope.com/product/6605388251200,1969-12-31
https://myshirtsdope.com/product/6605389463616,1969-12-31
https://myshirtsdope.com/product/6605390217280,1969-12-31
https://myshirtsdope.com/product/6605409910848,1969-12-31
https://myshirtsdope.com/product/6605410009152,1969-12-31
https://myshirtsdope.com/product/6605410107456,1969-12-31
https://myshirtsdope.com/product/6605410140224,1969-12-31
https://myshirtsdope.com/product/6605410402368,1969-12-31
https://myshirtsdope.com/product/6605410992192,1969-12-31
https://myshirtsdope.com/product/6605411090496,1969-12-31
https://myshirtsdope.com/product/6605894123584,1969-12-31
https://myshirtsdope.com/product/6605894221888,1969-12-31
https://myshirtsdope.com/product/6605894385728,1969-12-31
https://myshirtsdope.com/product/6605895368768,1969-12-31
https://myshirtsdope.com/product/6605896220736,1969-12-31
https://myshirtsdope.com/product/6605896515648,1969-12-31
https://myshirtsdope.com/product/6605896843328,1969-12-31
https://myshirtsdope.com/product/6605897596992,1969-12-31
https://myshirtsdope.com/product/6605906477120,1969-12-31
https://myshirtsdope.com/product/6605906903104,1969-12-31
https://myshirtsdope.com/product/6605912965184,1969-12-31
https://myshirtsdope.com/product/6605913227328,1969-12-31
https://myshirtsdope.com/product/6605914275904,1969-12-31
https://myshirtsdope.com/product/6605947273280,1969-12-31
https://myshirtsdope.com/product/6605951860800,1969-12-31
https://myshirtsdope.com/product/6605951991872,1969-12-31
https://myshirtsdope.com/product/6605953073216,1969-12-31
https://myshirtsdope.com/product/6605953433664,1969-12-31
https://myshirtsdope.com/product/6605953794112,1969-12-31
https://myshirtsdope.com/product/6605953957952,1969-12-31
https://myshirtsdope.com/product/6605966573632,1969-12-31
https://myshirtsdope.com/product/6605967491136,1969-12-31
https://myshirtsdope.com/product/6605967622208,1969-12-31
https://myshirtsdope.com/product/6605968015424,1969-12-31
https://myshirtsdope.com/product/6605968048192,1969-12-31
https://myshirtsdope.com/product/6605968506944,1969-12-31
https://myshirtsdope.com/product/6605969162304,1969-12-31
https://myshirtsdope.com/product/6605969686592,1969-12-31
https://myshirtsdope.com/product/6605969981504,1969-12-31
https://myshirtsdope.com/product/6605971488832,1969-12-31
https://myshirtsdope.com/product/6605971750976,1969-12-31
https://myshirtsdope.com/product/6605974011968,1969-12-31
https://myshirtsdope.com/product/6605974110272,1969-12-31
https://myshirtsdope.com/product/6605976535104,1969-12-31
https://myshirtsdope.com/product/6605976666176,1969-12-31
https://myshirtsdope.com/product/6605996884032,1969-12-31
https://myshirtsdope.com/product/6605997047872,1969-12-31
https://myshirtsdope.com/product/6605999210560,1969-12-31
https://myshirtsdope.com/product/6606049214528,1969-12-31
https://myshirtsdope.com/product/6606049935424,1969-12-31
https://myshirtsdope.com/product/6606172323904,1969-12-31
https://myshirtsdope.com/product/6606172848192,1969-12-31
https://myshirtsdope.com/product/6606173372480,1969-12-31
https://myshirtsdope.com/product/6606173864000,1969-12-31
https://myshirtsdope.com/product/6606370832448,1969-12-31
https://myshirtsdope.com/product/6606371684416,1969-12-31
https://myshirtsdope.com/product/6606378860608,1969-12-31
https://myshirtsdope.com/product/6606379155520,1969-12-31
https://myshirtsdope.com/product/6606380007488,1969-12-31
https://myshirtsdope.com/product/6606584315968,1969-12-31
https://myshirtsdope.com/product/6606584479808,1969-12-31
https://myshirtsdope.com/product/6606584741952,1969-12-31
https://myshirtsdope.com/product/6606599028800,1969-12-31
https://myshirtsdope.com/product/6606603157568,1969-12-31
https://myshirtsdope.com/product/6606659256384,1969-12-31
https://myshirtsdope.com/product/6606660894784,1969-12-31
https://myshirtsdope.com/product/6606662303808,1969-12-31
https://myshirtsdope.com/product/6606662795328,1969-12-31
https://myshirtsdope.com/product/6606663090240,1969-12-31
https://myshirtsdope.com/product/6606671249472,1969-12-31
https://myshirtsdope.com/product/6606671577152,1969-12-31
https://myshirtsdope.com/product/6606671740992,1969-12-31
https://myshirtsdope.com/product/6606672494656,1969-12-31
https://myshirtsdope.com/product/6606672724032,1969-12-31
https://myshirtsdope.com/product/6606691958848,1969-12-31
https://myshirtsdope.com/product/6606692122688,1969-12-31
https://myshirtsdope.com/product/6606692548672,1969-12-31
https://myshirtsdope.com/product/6606715289664,1969-12-31
https://myshirtsdope.com/product/6606716502080,1969-12-31
https://myshirtsdope.com/product/6606717452352,1969-12-31
https://myshirtsdope.com/product/6606718074944,1969-12-31
https://myshirtsdope.com/product/6606725218368,1969-12-31
https://myshirtsdope.com/product/6606725382208,1969-12-31
https://myshirtsdope.com/product/6606726594624,1969-12-31
https://myshirtsdope.com/product/6606728691776,1969-12-31
https://myshirtsdope.com/product/6606731247680,1969-12-31
https://myshirtsdope.com/product/6606739079232,1969-12-31
https://myshirtsdope.com/product/6606742683712,1969-12-31
https://myshirtsdope.com/product/6606743666752,1969-12-31
https://myshirtsdope.com/product/6606860288064,1969-12-31
https://myshirtsdope.com/product/6606860779584,1969-12-31
https://myshirtsdope.com/product/6606861762624,1969-12-31
https://myshirtsdope.com/product/6606865039424,1969-12-31
https://myshirtsdope.com/product/6606865956928,1969-12-31
https://myshirtsdope.com/product/6606866088000,1969-12-31
https://myshirtsdope.com/product/6607372714048,1969-12-31
https://myshirtsdope.com/product/6607372746816,1969-12-31
https://myshirtsdope.com/product/6607374188608,1969-12-31
https://myshirtsdope.com/product/6607381921856,1969-12-31
https://myshirtsdope.com/product/6607382085696,1969-12-31
https://myshirtsdope.com/product/6607382446144,1969-12-31
https://myshirtsdope.com/product/6607383003200,1969-12-31
https://myshirtsdope.com/product/6607395455040,1969-12-31
https://myshirtsdope.com/product/6607396470848,1969-12-31
https://myshirtsdope.com/product/6607396503616,1969-12-31
https://myshirtsdope.com/product/6607698100288,1969-12-31
https://myshirtsdope.com/product/6607699574848,1969-12-31
https://myshirtsdope.com/product/6607699705920,1969-12-31
https://myshirtsdope.com/product/6607730999360,1969-12-31
https://myshirtsdope.com/product/6607772811328,1969-12-31
https://myshirtsdope.com/product/6607788539968,1969-12-31
https://myshirtsdope.com/product/6607788965952,1969-12-31
https://myshirtsdope.com/product/6608169762880,1969-12-31
https://myshirtsdope.com/product/6608405987392,1969-12-31
https://myshirtsdope.com/product/6608406544448,1969-12-31
https://myshirtsdope.com/product/6609358651456,1969-12-31
https://myshirtsdope.com/product/6609366057024,1969-12-31
https://myshirtsdope.com/product/6609853055040,1969-12-31
https://myshirtsdope.com/product/6609853415488,1969-12-31
https://myshirtsdope.com/product/6610166513728,1969-12-31
https://myshirtsdope.com/product/6610167464000,1969-12-31
https://myshirtsdope.com/product/6610188894272,1969-12-31
https://myshirtsdope.com/product/6610190303296,1969-12-31
https://myshirtsdope.com/product/6610193350720,1969-12-31
https://myshirtsdope.com/product/6610196660288,1969-12-31
https://myshirtsdope.com/product/6610203672640,1969-12-31
https://myshirtsdope.com/product/6610203738176,1969-12-31
https://myshirtsdope.com/product/6610204885056,1969-12-31
https://myshirtsdope.com/product/6610205081664,1969-12-31
https://myshirtsdope.com/product/6610409422912,1969-12-31
https://myshirtsdope.com/product/6610423119936,1969-12-31
https://myshirtsdope.com/product/6610424004672,1969-12-31
https://myshirtsdope.com/product/6610424561728,1969-12-31
https://myshirtsdope.com/product/6610425544768,1969-12-31
https://myshirtsdope.com/product/6610425806912,1969-12-31
https://myshirtsdope.com/product/6610426232896,1969-12-31
https://myshirtsdope.com/product/6610426495040,1969-12-31
https://myshirtsdope.com/product/6610426626112,1969-12-31
https://myshirtsdope.com/product/6610573066304,1969-12-31
https://myshirtsdope.com/product/6610580406336,1969-12-31
https://myshirtsdope.com/product/6610958155840,1969-12-31
https://myshirtsdope.com/product/6610989023296,1969-12-31
https://myshirtsdope.com/product/6610989613120,1969-12-31
https://myshirtsdope.com/product/6610990399552,1969-12-31
https://myshirtsdope.com/product/6610990858304,1969-12-31
https://myshirtsdope.com/product/6610991054912,1969-12-31
https://myshirtsdope.com/product/6610994856000,1969-12-31
https://myshirtsdope.com/product/6610995019840,1969-12-31
https://myshirtsdope.com/product/6610995118144,1969-12-31
https://myshirtsdope.com/product/6610995839040,1969-12-31
https://myshirtsdope.com/product/6610995904576,1969-12-31
https://myshirtsdope.com/product/6611002294336,1969-12-31
https://myshirtsdope.com/product/6611004162112,1969-12-31
https://myshirtsdope.com/product/6611004850240,1969-12-31
https://myshirtsdope.com/product/6611667091520,1969-12-31
https://myshirtsdope.com/product/6611667583040,1969-12-31
https://myshirtsdope.com/product/6611667714112,1969-12-31
https://myshirtsdope.com/product/6611667845184,1969-12-31
https://myshirtsdope.com/product/6611668041792,1969-12-31
https://myshirtsdope.com/product/6611668271168,1969-12-31
https://myshirtsdope.com/product/6611669680192,1969-12-31
https://myshirtsdope.com/product/6611670040640,1969-12-31
https://myshirtsdope.com/product/6611670270016,1969-12-31
https://myshirtsdope.com/product/6611670433856,1969-12-31
https://myshirtsdope.com/product/6611672334400,1969-12-31
https://myshirtsdope.com/product/6611672531008,1969-12-31
https://myshirtsdope.com/product/6611673612352,1969-12-31
https://myshirtsdope.com/product/6611718045760,1969-12-31
https://myshirtsdope.com/product/6611718701120,1969-12-31
https://myshirtsdope.com/product/6611719323712,1969-12-31
https://myshirtsdope.com/product/6611722469440,1969-12-31
https://myshirtsdope.com/product/6611750322240,1969-12-31
https://myshirtsdope.com/product/6611750584384,1969-12-31
https://myshirtsdope.com/product/6611750977600,1969-12-31
https://myshirtsdope.com/product/6611751010368,1969-12-31
https://myshirtsdope.com/product/6611751043136,1969-12-31
https://myshirtsdope.com/product/6611751632960,1969-12-31
https://myshirtsdope.com/product/6611751796800,1969-12-31
https://myshirtsdope.com/product/6611754942528,1969-12-31
https://myshirtsdope.com/product/6611755827264,1969-12-31
https://myshirtsdope.com/product/6612557529152,1969-12-31
https://myshirtsdope.com/product/6612578566208,1969-12-31
https://myshirtsdope.com/product/6612587053120,1969-12-31
https://myshirtsdope.com/product/6612588298304,1969-12-31
https://myshirtsdope.com/product/6612591018048,1969-12-31
https://myshirtsdope.com/product/6613178712128,1969-12-31
https://myshirtsdope.com/product/6614208217152,1969-12-31
https://myshirtsdope.com/product/6614213591104,1969-12-31
https://myshirtsdope.com/product/6614410264640,1969-12-31
https://myshirtsdope.com/product/6614418096192,1969-12-31
https://myshirtsdope.com/product/6614446735424,1969-12-31
https://myshirtsdope.com/product/6615064903744,1969-12-31
https://myshirtsdope.com/product/6616273027136,1969-12-31
https://myshirtsdope.com/product/6616274174016,1969-12-31
https://myshirtsdope.com/product/6620340387904,1969-12-31
https://myshirtsdope.com/product/6620341895232,1969-12-31
https://myshirtsdope.com/product/6620345598016,1969-12-31
https://myshirtsdope.com/product/6620383084608,1969-12-31
https://myshirtsdope.com/product/6620433612864,1969-12-31
https://myshirtsdope.com/product/6620437020736,1969-12-31
https://myshirtsdope.com/product/6620808806464,1969-12-31
https://myshirtsdope.com/product/6621010591808,1969-12-31
https://myshirtsdope.com/product/6621013540928,1969-12-31
https://myshirtsdope.com/product/6621013770304,1969-12-31
https://myshirtsdope.com/product/6671163523136,1969-12-31
https://myshirtsdope.com/product/6671495921728,1969-12-31
https://myshirtsdope.com/product/6672276914240,1969-12-31
https://myshirtsdope.com/product/6672278159424,1969-12-31
https://myshirtsdope.com/product/6680641830976,1969-12-31
https://myshirtsdope.com/product/6680654282816,1969-12-31
https://myshirtsdope.com/product/6680821268544,1969-12-31
https://myshirtsdope.com/product/6680826085440,1969-12-31
https://myshirtsdope.com/product/6681166839872,1969-12-31
https://myshirtsdope.com/product/6696417525824,1969-12-31
https://myshirtsdope.com/product/6696418213952,1969-12-31
https://myshirtsdope.com/product/6696418541632,1969-12-31
https://myshirtsdope.com/product/6696420212800,1969-12-31
https://myshirtsdope.com/product/6696421687360,1969-12-31
https://myshirtsdope.com/product/6696422277184,1969-12-31
https://myshirtsdope.com/product/6696428601408,1969-12-31
https://myshirtsdope.com/product/6696430075968,1969-12-31
https://myshirtsdope.com/product/6696431452224,1969-12-31
https://myshirtsdope.com/product/6696431583296,1969-12-31
https://myshirtsdope.com/product/6696432271424,1969-12-31
https://myshirtsdope.com/product/6696451473472,1969-12-31
https://myshirtsdope.com/product/6696455012416,1969-12-31
https://myshirtsdope.com/product/6696927756352,1969-12-31
https://myshirtsdope.com/product/6696928313408,1969-12-31
https://myshirtsdope.com/product/6696932048960,1969-12-31
https://myshirtsdope.com/product/6696981004352,1969-12-31
https://myshirtsdope.com/product/6696982741056,1969-12-31
https://myshirtsdope.com/product/6696988016704,1969-12-31
https://myshirtsdope.com/product/6697029238848,1969-12-31
https://myshirtsdope.com/product/6697032810560,1969-12-31
https://myshirtsdope.com/product/6697059221568,1969-12-31
https://myshirtsdope.com/product/6697059287104,1969-12-31
https://myshirtsdope.com/product/6697432940608,1969-12-31
https://myshirtsdope.com/product/6697433628736,1969-12-31
https://myshirtsdope.com/product/6697438249024,1969-12-31
https://myshirtsdope.com/product/6700175654976,1969-12-31
https://myshirtsdope.com/product/6700176244800,1969-12-31
https://myshirtsdope.com/product/6700176539712,1969-12-31
https://myshirtsdope.com/product/6700176703552,1969-12-31
https://myshirtsdope.com/product/6700255674432,1969-12-31
https://myshirtsdope.com/product/6700255772736,1969-12-31
https://myshirtsdope.com/product/6700292046912,1969-12-31
https://myshirtsdope.com/product/6700292571200,1969-12-31
https://myshirtsdope.com/product/6700295258176,1969-12-31
https://myshirtsdope.com/product/6700295422016,1969-12-31
https://myshirtsdope.com/product/6700295585856,1969-12-31
https://myshirtsdope.com/product/6700295716928,1969-12-31
https://myshirtsdope.com/product/6700295782464,1969-12-31
https://myshirtsdope.com/product/6700295848000,1969-12-31
https://myshirtsdope.com/product/6700518735936,1969-12-31
https://myshirtsdope.com/product/6700518965312,1969-12-31
https://myshirtsdope.com/product/6700519063616,1969-12-31
https://myshirtsdope.com/product/6700519653440,1969-12-31
https://myshirtsdope.com/product/6700687425600,1969-12-31
https://myshirtsdope.com/product/6700688572480,1969-12-31
https://myshirtsdope.com/product/6700689719360,1969-12-31
https://myshirtsdope.com/product/6700689817664,1969-12-31
https://myshirtsdope.com/product/6700729958464,1969-12-31
https://myshirtsdope.com/product/6700811124800,1969-12-31
https://myshirtsdope.com/product/6700815188032,1969-12-31
https://myshirtsdope.com/product/6700817055808,1969-12-31
https://myshirtsdope.com/product/6700817219648,1969-12-31
https://myshirtsdope.com/product/6700817547328,1969-12-31
https://myshirtsdope.com/product/6701640056896,1969-12-31
https://myshirtsdope.com/product/6701641433152,1969-12-31
https://myshirtsdope.com/product/6701642383424,1969-12-31
https://myshirtsdope.com/product/6701757988928,1969-12-31
https://myshirtsdope.com/product/6701758382144,1969-12-31
https://myshirtsdope.com/product/6701767786560,1969-12-31
https://myshirtsdope.com/product/6701866942528,1969-12-31
https://myshirtsdope.com/product/6701869596736,1969-12-31
https://myshirtsdope.com/product/6701869891648,1969-12-31
https://myshirtsdope.com/product/6701871595584,1969-12-31
https://myshirtsdope.com/product/6702097137728,1969-12-31
https://myshirtsdope.com/product/6702097530944,1969-12-31
https://myshirtsdope.com/product/6702098382912,1969-12-31
https://myshirtsdope.com/product/6702099005504,1969-12-31
https://myshirtsdope.com/product/6702116798528,1969-12-31
https://myshirtsdope.com/product/6702117290048,1969-12-31
https://myshirtsdope.com/product/6702119387200,1969-12-31
https://myshirtsdope.com/product/6702119551040,1969-12-31
https://myshirtsdope.com/product/6702119747648,1969-12-31
https://myshirtsdope.com/product/6702119944256,1969-12-31
https://myshirtsdope.com/product/6702160740416,1969-12-31
https://myshirtsdope.com/product/6702172209216,1969-12-31
https://myshirtsdope.com/product/6702173585472,1969-12-31
https://myshirtsdope.com/product/6702173716544,1969-12-31
https://myshirtsdope.com/product/6702174371904,1969-12-31
https://myshirtsdope.com/product/6702205698112,1969-12-31
https://myshirtsdope.com/product/6702208450624,1969-12-31
https://myshirtsdope.com/product/6702208811072,1969-12-31
https://myshirtsdope.com/product/6702209204288,1969-12-31
https://myshirtsdope.com/product/6702221197376,1969-12-31
https://myshirtsdope.com/product/6702221557824,1969-12-31
https://myshirtsdope.com/product/6702221885504,1969-12-31
https://myshirtsdope.com/product/6702222442560,1969-12-31
https://myshirtsdope.com/product/6702222737472,1969-12-31
https://myshirtsdope.com/product/6702514700352,1969-12-31
https://myshirtsdope.com/product/6702729658432,1969-12-31
https://myshirtsdope.com/product/6702730346560,1969-12-31
https://myshirtsdope.com/product/6703223570496,1969-12-31
https://myshirtsdope.com/product/6703224160320,1969-12-31
https://myshirtsdope.com/product/6703224946752,1969-12-31
https://myshirtsdope.com/product/6703226257472,1969-12-31
https://myshirtsdope.com/product/6703226454080,1969-12-31
https://myshirtsdope.com/product/6703235596352,1969-12-31
https://myshirtsdope.com/product/6703238971456,1969-12-31
https://myshirtsdope.com/product/6703239790656,1969-12-31
https://myshirtsdope.com/product/6703307489344,1969-12-31
https://myshirtsdope.com/product/6703311716416,1969-12-31
https://myshirtsdope.com/product/6703311814720,1969-12-31
https://myshirtsdope.com/product/6703312633920,1969-12-31
https://myshirtsdope.com/product/6703313682496,1969-12-31
https://myshirtsdope.com/product/6734511833152,1969-12-31
https://myshirtsdope.com/product/6734512586816,1969-12-31
https://myshirtsdope.com/product/6734513242176,1969-12-31
https://myshirtsdope.com/product/7281451270208,1969-12-31